<!-- Copyright (C) 2018 Google Inc. All Rights Reserved.

FirebaseAnalytics iOS and Android Dependencies.
-->

<dependencies>
  <iosPods>
    <iosPod Name="Firebase/Analytics" version="5.15.0" minTargetSdk="8.0">
    </iosPod>
  </iosPods>
  <androidPackages>
    <androidPackage spec="com.google.firebase:firebase-analytics:16.0.6">
    </androidPackage>
    <androidPackage spec="com.google.firebase:firebase-core:16.0.6">
    </androidPackage>
    <androidPackage spec="com.google.firebase:firebase-iid:[17.0.4]">
    </androidPackage>
    <androidPackage spec="com.google.firebase:firebase-analytics-unity:5.4.4">
      <repositories>
        <repository>Assets/Firebase/m2repository</repository>
      </repositories>
    </androidPackage>
  </androidPackages>
</dependencies>

